{"_wandb":{"runtime":0},"acc":0.7385635026055132,"loss":0.25714832445080593,"_timestamp":1.7363445505171916e+09,"_runtime":0.7297537,"_step":7}