{"_timestamp":1.7363513611952398e+09,"train/entropy_loss":-1.405217,"_wandb":{"runtime":19},"train/policy_gradient_loss":-0.0019451365,"train/std":0.98157805,"train/value_loss":8128.0044,"train/explained_variance":0.016515613,"train/clip_fraction":0.0109375,"rollout/ep_len_mean":200,"time/fps":678,"train/clip_range":0.2,"global_step":10240,"train/approx_kl":0.0027213683,"_runtime":19.452745,"rollout/ep_rew_mean":-1207.142,"train/loss":3925.4094,"train/learning_rate":0.0003,"_step":55}