{"_timestamp":1.7364089019820337e+09,"rollout/ep_rew_mean":-1157.7872,"time/fps":1863,"_wandb":{"runtime":21},"_runtime":21.2771796,"_step":75,"rollout/ep_len_mean":200,"global_step":10240}